{
   "effects" : [
      {
         "maps" : [
            {
               "amount" : 1.0
            },
            {
               "count" : 926.2046508789062
            },
            {
               "nintensity" : 1.625891327857971
            },
            {
               "sintensity" : 1.240474700927734
            }
         ],
         "name" : "scanlines"
      }
   ],
   "payloadName" : "fine-scanlines"
}
